project_number,bidder_name,address,city,state,zip,county,bidder_number,bid_amount,filename,awarded
180003,RONYAK PAVING INC,14376 N CHESHIRE ST,BURTON,OH,44021,Geauga,1,2087863.7,180003bidtab.pdf,True
180003,SHELLY & SANDS INC,1515 HARMON AVE,COLUMBUS,OH,43223,Franklin,2,2193929.12,180003bidtab.pdf,False
180003,KOSKI CONSTRUCTION CO,P O BOX 1038,ASHTABULA,OH,44005-1038,,3,2268022.35,180003bidtab.pdf,False
180003,KOKOSING CONSTRUCTION COMPANY INC,886 MC KINLEY AVE,COLUMBUS,OH,43222,Franklin,4,2298511.32,180003bidtab.pdf,False
180003,CHAGRIN VALLEY PAVING INC,17290 MUNN RD,CHAGRIN FALLS,OH,44023,Geauga,5,2400000.0,180003bidtab.pdf,False
180003,BURTON SCOT CONTRACTORS LLC,11330 KINSMAN RD,NEWBURY,OH,44065,Geauga,6,2451806.63,180003bidtab.pdf,False
180003,AMERICON INDUSTRIAL SERVICES LLC,3651 LEHARPS RD,AUSTINTOWN,OH,44515,Mahoning,7,2456486.87,180003bidtab.pdf,False
180006,BARRETT PAVING MATERIALS INC,3751 COMMERCE DR,Franklin,OH,45055,Butler,1,258900.0,180006bidtab.pdf,True
180006,JOHN R JURGENSEN COMPANY,11641 MOSTELLER RD,CINCINNATI,OH,45241,Hamilton,2,267124.64,180006bidtab.pdf,False
180006,RACK & BALLAUER EXCAVATING CO INC,11321 PADDY'S RUN RD,HAMILTON,OH,45013,Butler,3,268142.98,180006bidtab.pdf,False
180012,KOKOSING CONSTRUCTION COMPANY INC,886 MC KINLEY AVE,COLUMBUS,OH,43222,Franklin,1,6101480.95,180012bidtab.pdf,True
180012,SHELLY COMPANY,80 PARK DR BOX 266,THORNVILLE,OH,43076,Perry,2,6264757.41,180012bidtab.pdf,False
180012,SHELLY & SANDS INC,1515 HARMON AVE,COLUMBUS,OH,43223,Franklin,3,6554622.28,180012bidtab.pdf,False
180014,CHAGRIN VALLEY PAVING INC,17290 MUNN RD,CHAGRIN FALLS,OH,44023,Geauga,1,947574.4,180014bidtab.pdf,True
180014,RONYAK PAVING INC,14376 N CHESHIRE ST,BURTON,OH,44021,Geauga,2,1083591.39,180014bidtab.pdf,False
180014,KOKOSING CONSTRUCTION COMPANY INC,886 MC KINLEY AVE,COLUMBUS,OH,43222,Franklin,3,1187592.94,180014bidtab.pdf,False
180014,SHELLY & SANDS INC,1515 HARMON AVE,COLUMBUS,OH,43223,Franklin,4,1189581.2,180014bidtab.pdf,False
180014,BARBICAS CONSTRUCTION COMPANY INC,124 DARROW RD,AKRON,OH,44305,Summit,5,1270523.85,180014bidtab.pdf,False
180014,SHELLY COMPANY,80 PARK DR BOX 266,THORNVILLE,OH,43076,Perry,6,1337710.35,180014bidtab.pdf,False
180014,BURTON SCOT CONTRACTORS LLC,11330 KINSMAN RD,NEWBURY,OH,44065,Geauga,7,1368003.4,180014bidtab.pdf,False
180020,SHELLY & SANDS INC,1515 HARMON AVE,COLUMBUS,OH,43223,Franklin,1,553756.0,180020bidtab.pdf,True
180020,SHELLY COMPANY,80 PARK DR BOX 266,THORNVILLE,OH,43076,Perry,2,644226.75,180020bidtab.pdf,False
180024,KOKOSING CONSTRUCTION COMPANY INC,886 MC KINLEY AVE,COLUMBUS,OH,43222,Franklin,1,1743669.25,180024bidtab.pdf,True
180024,ERIE BLACKTOP INC,4507 TIFFIN AVE,SANDUSKY,OH,44870,Erie,2,1754473.05,180024bidtab.pdf,False
180024,BURTON SCOT CONTRACTORS LLC,11330 KINSMAN RD,NEWBURY,OH,44065,Geauga,3,1792566.85,180024bidtab.pdf,False
180024,BARBICAS CONSTRUCTION COMPANY INC,124 DARROW RD,AKRON,OH,44305,Summit,4,1815539.0,180024bidtab.pdf,False
180024,CHAGRIN VALLEY PAVING INC,17290 MUNN RD,CHAGRIN FALLS,OH,44023,Geauga,5,1844310.25,180024bidtab.pdf,False
180025,SHELLY COMPANY,80 PARK DR BOX 266,THORNVILLE,OH,43076,Perry,1,1661600.33,180025bidtab.pdf,True
180025,SHELLY & SANDS INC,1515 HARMON AVE,COLUMBUS,OH,43223,Franklin,2,1716603.95,180025bidtab.pdf,False
180025,DARBY CREEK EXCAVATING INC,19524 London Road,CIRCLEVILLE,OH,43113,Pickaway,3,1773118.62,180025bidtab.pdf,False
180025,A & B ASPHALT CORPORATION,1780 ENON RD,SPRINGFIELD,OH,45502,Clark,4,1782750.39,180025bidtab.pdf,False
180025,KOKOSING CONSTRUCTION COMPANY INC,886 MC KINLEY AVE,COLUMBUS,OH,43222,Franklin,5,1979960.04,180025bidtab.pdf,False
180028,JOHN R JURGENSEN COMPANY,11641 MOSTELLER RD,CINCINNATI,OH,45241,Hamilton,1,947776.87,180028bidtab.pdf,True
180028,BARRETT PAVING MATERIALS INC,3751 COMMERCE DR,Franklin,OH,45055,Butler,2,1043512.5,180028bidtab.pdf,False
180029,RONYAK PAVING INC,14376 N CHESHIRE ST,BURTON,OH,44021,Geauga,1,1379899.44,180029bidtab.pdf,True
180029,SHELLY & SANDS INC,1515 HARMON AVE,COLUMBUS,OH,43223,Franklin,2,1455988.9,180029bidtab.pdf,False
180029,CHAGRIN VALLEY PAVING INC,17290 MUNN RD,CHAGRIN FALLS,OH,44023,Geauga,3,1480108.55,180029bidtab.pdf,False
180029,AMERICON INDUSTRIAL SERVICES LLC,3651 LEHARPS RD,AUSTINTOWN,OH,44515,Mahoning,4,1649719.71,180029bidtab.pdf,False
180029,SHELLY COMPANY,80 PARK DR BOX 266,THORNVILLE,OH,43076,Perry,5,1681379.33,180029bidtab.pdf,False
180029,BARBICAS CONSTRUCTION COMPANY INC,124 DARROW RD,AKRON,OH,44305,Summit,6,1760309.1,180029bidtab.pdf,False
180029,BURTON SCOT CONTRACTORS LLC,11330 KINSMAN RD,NEWBURY,OH,44065,Geauga,7,1813382.92,180029bidtab.pdf,False
180031,KOKOSING CONSTRUCTION COMPANY INC,886 MC KINLEY AVE,COLUMBUS,OH,43222,Franklin,1,706878.35,180031bidtab.pdf,True
180031,SHELLY & SANDS INC,1515 HARMON AVE,COLUMBUS,OH,43223,Franklin,2,772883.66,180031bidtab.pdf,False
180043,KOSKI CONSTRUCTION CO,P O BOX 1038,ASHTABULA,OH,44005-1038,,1,1351328.6,180043bidtab.pdf,True
180043,RONYAK PAVING INC,14376 N CHESHIRE ST,BURTON,OH,44021,Geauga,2,1495659.13,180043bidtab.pdf,False
180043,CHAGRIN VALLEY PAVING INC,17290 MUNN RD,CHAGRIN FALLS,OH,44023,Geauga,3,1519279.5,180043bidtab.pdf,False
180043,BURTON SCOT CONTRACTORS LLC,11330 KINSMAN RD,NEWBURY,OH,44065,Geauga,4,1542226.65,180043bidtab.pdf,False
180045,SHELLY & SANDS INC,1515 HARMON AVE,COLUMBUS,OH,43223,Franklin,1,2251922.15,180045bidtab.pdf,True
180045,ALLIED ENTERPRISES INC,1243 RAFF RD S W,CANTON,OH,44710,Stark,2,2492886.35,180045bidtab.pdf,False
180045,THE LASH PAVING COMPANY,67925 Bayberry Drive Suite B,St Clairsville,OH,43912,Belmont,3,2588361.06,180045bidtab.pdf,False
180045,SUPERIOR PAVING & MATERIALS INC,5945 WHIPPLE AVE NW,NORTH CANTON,OH,44720,Stark,4,2732722.66,180045bidtab.pdf,False
180045,BARBICAS CONSTRUCTION COMPANY INC,124 DARROW RD,AKRON,OH,44305,Summit,5,3012617.88,180045bidtab.pdf,False
180050,BURTON SCOT CONTRACTORS LLC,11330 KINSMAN RD,NEWBURY,OH,44065,Geauga,1,2707278.83,180050bidtab.pdf,True
180050,KOKOSING CONSTRUCTION COMPANY INC,886 MC KINLEY AVE,COLUMBUS,OH,43222,Franklin,2,3808282.35,180050bidtab.pdf,False
180051,CHAGRIN VALLEY PAVING INC,17290 MUNN RD,CHAGRIN FALLS,OH,44023,Geauga,1,1239870.24,180051bidtab.pdf,True
180051,BURTON SCOT CONTRACTORS LLC,11330 KINSMAN RD,NEWBURY,OH,44065,Geauga,2,1245487.6,180051bidtab.pdf,False
180051,KOKOSING CONSTRUCTION COMPANY INC,886 MC KINLEY AVE,COLUMBUS,OH,43222,Franklin,3,1333920.25,180051bidtab.pdf,False
180055,STRAWSER PAVING CO INC,1595 FRANK RD,COLUMBUS,OH,43223,Franklin,1,324425.3,180055bidtab.pdf,False
180055,SHELLY & SANDS INC,1515 HARMON AVE,COLUMBUS,OH,43223,Franklin,2,322383.17,180055bidtab.pdf,True
180055,SHELLY COMPANY,80 PARK DR BOX 266,THORNVILLE,OH,43076,Perry,3,361986.58,180055bidtab.pdf,False
180058,RONYAK PAVING INC,14376 N CHESHIRE ST,BURTON,OH,44021,Geauga,1,561606.06,180058bidtab.pdf,True
180058,KOKOSING CONSTRUCTION COMPANY INC,886 MC KINLEY AVE,COLUMBUS,OH,43222,Franklin,2,634845.18,180058bidtab.pdf,False
180058,CHAGRIN VALLEY PAVING INC,17290 MUNN RD,CHAGRIN FALLS,OH,44023,Geauga,3,639595.48,180058bidtab.pdf,False
180058,BARBICAS CONSTRUCTION COMPANY INC,124 DARROW RD,AKRON,OH,44305,Summit,4,730304.76,180058bidtab.pdf,False
180058,BURTON SCOT CONTRACTORS LLC,11330 KINSMAN RD,NEWBURY,OH,44065,Geauga,5,736742.11,180058bidtab.pdf,False
180058,SHELLY & SANDS INC,1515 HARMON AVE,COLUMBUS,OH,43223,Franklin,6,781332.85,180058bidtab.pdf,False
180064,SHELLY & SANDS INC,1515 HARMON AVE,COLUMBUS,OH,43223,Franklin,1,3284904.52,180064bidtab.pdf,True
180064,R T VERNAL PAVING & EXCAVATING INC,11299 SOUTH AVE EXTENSION  PO BOX 519,NORTH LIMA,OH,44452-0519,,2,3478070.34,180064bidtab.pdf,False
180064,AMERICON INDUSTRIAL SERVICES LLC,3651 LEHARPS RD,AUSTINTOWN,OH,44515,Mahoning,3,3586575.46,180064bidtab.pdf,False
180064,LINDY PAVING INC,1807 SHENANGO RD,NEW GALILEE,PA,16141-2241,,4,3684820.41,180064bidtab.pdf,False
180064,SHELLY COMPANY,80 PARK DR BOX 266,THORNVILLE,OH,43076,Perry,5,3944283.51,180064bidtab.pdf,False
180066,SHELLY COMPANY,80 PARK DR BOX 266,THORNVILLE,OH,43076,Perry,1,2624956.65,180066bidtab.pdf,True
180066,NUKO PAVING INC,1 ACY AVE SUITE C,JACKSON,OH,45640,Jackson,2,2722782.1,180066bidtab.pdf,False
180067,BARRETT PAVING MATERIALS INC,3751 COMMERCE DR,Franklin,OH,45055,Butler,1,1878400.0,180067bidtab.pdf,True
180067,JOHN R JURGENSEN COMPANY,11641 MOSTELLER RD,CINCINNATI,OH,45241,Hamilton,2,1963625.68,180067bidtab.pdf,False
180068,SHELLY & SANDS INC,1515 HARMON AVE,COLUMBUS,OH,43223,Franklin,1,3235843.86,180068bidtab.pdf,True
180068,KOKOSING CONSTRUCTION COMPANY INC,886 MC KINLEY AVE,COLUMBUS,OH,43222,Franklin,2,3355979.59,180068bidtab.pdf,False
180071,GERKEN PAVING INC,9072 CO RD 424,NAPOLEON,OH,43545,Henry,1,3810116.93,180071bidtab.pdf,True
180071,SHELLY COMPANY,80 PARK DR BOX 266,THORNVILLE,OH,43076,Perry,2,3911546.24,180071bidtab.pdf,False
180073,SHELLY & SANDS INC,1515 HARMON AVE,COLUMBUS,OH,43223,Franklin,1,2791013.85,180073bidtab.pdf,True
180073,CHAGRIN VALLEY PAVING INC,17290 MUNN RD,CHAGRIN FALLS,OH,44023,Geauga,2,3046553.05,180073bidtab.pdf,False
180073,SHELLY COMPANY,80 PARK DR BOX 266,THORNVILLE,OH,43076,Perry,3,3093480.86,180073bidtab.pdf,False
180085,SHELLY & SANDS INC,1515 HARMON AVE,COLUMBUS,OH,43223,Franklin,1,884160.2,180085bidtab.pdf,True
180085,THE LASH PAVING COMPANY,67925 Bayberry Drive Suite B,St Clairsville,OH,43912,Belmont,2,967601.88,180085bidtab.pdf,False
180088,AMERICAN PAVEMENTS INC,7475 MONTGOMERY DR,PLAIN CITY,OH,43064,Madison,1,524017.28,180088bidtab.pdf,True
180088,MICROSURFACING CONTRACTORS LLC,13940 ST CHARLES ROCK RD,BRIDGETON,MO,63044,,2,635673.15,180088bidtab.pdf,False
180088,STRAWSER CONSTRUCTION INC,1392 DUBLIN RD,COLUMBUS,OH,43215,Franklin,3,664057.64,180088bidtab.pdf,False
180090,KOKOSING CONSTRUCTION COMPANY INC,886 MC KINLEY AVE,COLUMBUS,OH,43222,Franklin,1,3995454.15,180090bidtab.pdf,True
180090,ERIE BLACKTOP INC,4507 TIFFIN AVE,SANDUSKY,OH,44870,Erie,2,4033355.49,180090bidtab.pdf,False
180090,GERKEN PAVING INC,9072 CO RD 424,NAPOLEON,OH,43545,Henry,3,4080097.29,180090bidtab.pdf,False
180092,RONYAK PAVING INC,14376 N CHESHIRE ST,BURTON,OH,44021,Geauga,1,661184.75,180092bidtab.pdf,True
180092,BURTON SCOT CONTRACTORS LLC,11330 KINSMAN RD,NEWBURY,OH,44065,Geauga,2,692531.25,180092bidtab.pdf,False
180092,KOKOSING CONSTRUCTION COMPANY INC,886 MC KINLEY AVE,COLUMBUS,OH,43222,Franklin,3,718389.6,180092bidtab.pdf,False
180092,CHAGRIN VALLEY PAVING INC,17290 MUNN RD,CHAGRIN FALLS,OH,44023,Geauga,4,724046.35,180092bidtab.pdf,False
180092,KARVO COMPANIES INC,4524 HUDSON DR,STOW,OH,44224-1702,,5,769312.9,180092bidtab.pdf,False
180092,BARBICAS CONSTRUCTION COMPANY INC,124 DARROW RD,AKRON,OH,44305,Summit,6,885203.95,180092bidtab.pdf,False
180095,BLUFFTON PAVING INC,P O BOX 26,BLUFFTON,OH,45817,Allen,1,3305037.1,180095bidtab.pdf,True
180095,SHELLY COMPANY,80 PARK DR BOX 266,THORNVILLE,OH,43076,Perry,2,3498356.13,180095bidtab.pdf,False
180101,GERKEN PAVING INC,9072 CO RD 424,NAPOLEON,OH,43545,Henry,1,3377030.89,180101bidtab.pdf,True
180101,SHELLY COMPANY,80 PARK DR BOX 266,THORNVILLE,OH,43076,Perry,2,3491005.44,180101bidtab.pdf,False
180102,SHELLY COMPANY,80 PARK DR BOX 266,THORNVILLE,OH,43076,Perry,1,949829.4,180102bidtab.pdf,True
180103,SHELLY & SANDS INC,1515 HARMON AVE,COLUMBUS,OH,43223,Franklin,1,950965.59,180103bidtab.pdf,True
180103,THE LASH PAVING COMPANY,67925 Bayberry Drive Suite B,St Clairsville,OH,43912,Belmont,2,1068112.6,180103bidtab.pdf,False
180105,BARRETT PAVING MATERIALS INC,3751 COMMERCE DR,Franklin,OH,45055,Butler,1,1642300.0,180105bidtab.pdf,True
180105,JOHN R JURGENSEN COMPANY,11641 MOSTELLER RD,CINCINNATI,OH,45241,Hamilton,2,1992128.26,180105bidtab.pdf,False
180108,BARBICAS CONSTRUCTION COMPANY INC,124 DARROW RD,AKRON,OH,44305,Summit,1,448928.3,180108bidtab.pdf,True
180108,SHELLY & SANDS INC,1515 HARMON AVE,COLUMBUS,OH,43223,Franklin,2,469398.46,180108bidtab.pdf,False
180108,SHELLY COMPANY,80 PARK DR BOX 266,THORNVILLE,OH,43076,Perry,3,483550.65,180108bidtab.pdf,False
180108,RONYAK PAVING INC,14376 N CHESHIRE ST,BURTON,OH,44021,Geauga,4,488362.23,180108bidtab.pdf,False
180108,CHAGRIN VALLEY PAVING INC,17290 MUNN RD,CHAGRIN FALLS,OH,44023,Geauga,5,509743.5,180108bidtab.pdf,False
180108,KARVO COMPANIES INC,4524 HUDSON DR,STOW,OH,44224-1702,,6,513727.5,180108bidtab.pdf,False
180108,BURTON SCOT CONTRACTORS LLC,11330 KINSMAN RD,NEWBURY,OH,44065,Geauga,7,580045.0,180108bidtab.pdf,False
180110,M & B ASPHALT CO INC,1525 WEST COUNTY RD #42,TIFFIN,OH,44883,Seneca,1,1607402.25,180110bidtab.pdf,True
180110,GERKEN PAVING INC,9072 CO RD 424,NAPOLEON,OH,43545,Henry,2,1619580.03,180110bidtab.pdf,False
180110,KOKOSING CONSTRUCTION COMPANY INC,886 MC KINLEY AVE,COLUMBUS,OH,43222,Franklin,3,1755441.9,180110bidtab.pdf,False
180110,ERIE BLACKTOP INC,4507 TIFFIN AVE,SANDUSKY,OH,44870,Erie,4,1795184.46,180110bidtab.pdf,False
180112,NORTHSTAR ASPHALT INC,P O BOX 2646,NORTH CANTON,OH,44720,Stark,1,1254731.1,180112bidtab.pdf,True
180112,SUPERIOR PAVING & MATERIALS INC,5945 WHIPPLE AVE NW,NORTH CANTON,OH,44720,Stark,2,1261638.9,180112bidtab.pdf,False
180112,ALLIED ENTERPRISES INC,1243 RAFF RD S W,CANTON,OH,44710,Stark,3,1293080.15,180112bidtab.pdf,False
180112,SHELLY COMPANY,80 PARK DR BOX 266,THORNVILLE,OH,43076,Perry,4,1335985.45,180112bidtab.pdf,False
180112,BARBICAS CONSTRUCTION COMPANY INC,124 DARROW RD,AKRON,OH,44305,Summit,5,1475637.9,180112bidtab.pdf,False
180113,SHELLY COMPANY,80 PARK DR BOX 266,THORNVILLE,OH,43076,Perry,1,615627.42,180113bidtab.pdf,True
180113,KARVO COMPANIES INC,4524 HUDSON DR,STOW,OH,44224-1702,,2,678232.5,180113bidtab.pdf,False
180113,KENMORE CONSTRUCTION CO INC,700 HOME AVE,AKRON,OH,44310,Summit,3,683889.3,180113bidtab.pdf,False
180113,BURTON SCOT CONTRACTORS LLC,11330 KINSMAN RD,NEWBURY,OH,44065,Geauga,4,686540.5,180113bidtab.pdf,False
180113,PERRIN ASPHALT CO INC,525 DAN ST,AKRON,OH,44310,Summit,5,687691.3,180113bidtab.pdf,False
180113,CHAGRIN VALLEY PAVING INC,17290 MUNN RD,CHAGRIN FALLS,OH,44023,Geauga,6,691120.0,180113bidtab.pdf,False
180113,RONYAK PAVING INC,14376 N CHESHIRE ST,BURTON,OH,44021,Geauga,7,695812.0,180113bidtab.pdf,False
180113,SHELLY & SANDS INC,1515 HARMON AVE,COLUMBUS,OH,43223,Franklin,8,698366.95,180113bidtab.pdf,False
180113,KOKOSING CONSTRUCTION COMPANY INC,886 MC KINLEY AVE,COLUMBUS,OH,43222,Franklin,9,714345.23,180113bidtab.pdf,False
180113,BARBICAS CONSTRUCTION COMPANY INC,124 DARROW RD,AKRON,OH,44305,Summit,10,750257.07,180113bidtab.pdf,False
180113,ROADS ASPHALT RECYCLING INC,13421 HAWKE RD,COLUMBIA STATION,OH,44028,Lorain,11,841418.0,180113bidtab.pdf,False
180114,RONYAK PAVING INC,14376 N CHESHIRE ST,BURTON,OH,44021,Geauga,1,2969284.81,180114bidtab.pdf,True
180114,KOKOSING CONSTRUCTION COMPANY INC,886 MC KINLEY AVE,COLUMBUS,OH,43222,Franklin,2,3023972.94,180114bidtab.pdf,False
180114,SHELLY & SANDS INC,1515 HARMON AVE,COLUMBUS,OH,43223,Franklin,3,3026692.25,180114bidtab.pdf,False
180114,AMERICON INDUSTRIAL SERVICES LLC,3651 LEHARPS RD,AUSTINTOWN,OH,44515,Mahoning,4,3042452.1,180114bidtab.pdf,False
180114,SHELLY COMPANY,80 PARK DR BOX 266,THORNVILLE,OH,43076,Perry,5,3047729.1,180114bidtab.pdf,False
180114,KARVO COMPANIES INC,4524 HUDSON DR,STOW,OH,44224-1702,,6,3090112.24,180114bidtab.pdf,False
180114,CHAGRIN VALLEY PAVING INC,17290 MUNN RD,CHAGRIN FALLS,OH,44023,Geauga,7,3371018.77,180114bidtab.pdf,False
180114,BARBICAS CONSTRUCTION COMPANY INC,124 DARROW RD,AKRON,OH,44305,Summit,8,3375607.83,180114bidtab.pdf,False
180115,SHELLY COMPANY,80 PARK DR BOX 266,THORNVILLE,OH,43076,Perry,1,515959.51,180115bidtab.pdf,True
180115,STRAWSER PAVING CO INC,1595 FRANK RD,COLUMBUS,OH,43223,Franklin,2,537580.39,180115bidtab.pdf,False
180116,KOKOSING CONSTRUCTION COMPANY INC,886 MC KINLEY AVE,COLUMBUS,OH,43222,Franklin,1,5932052.95,180116bidtab.pdf,True
180116,SHELLY & SANDS INC,1515 HARMON AVE,COLUMBUS,OH,43223,Franklin,2,6336998.5,180116bidtab.pdf,False
180119,A & B ASPHALT CORPORATION,1780 ENON RD,SPRINGFIELD,OH,45502,Clark,1,1024157.28,180119bidtab.pdf,True
180119,SHELLY COMPANY,80 PARK DR BOX 266,THORNVILLE,OH,43076,Perry,2,1049890.62,180119bidtab.pdf,False
180122,KOKOSING CONSTRUCTION COMPANY INC,886 MC KINLEY AVE,COLUMBUS,OH,43222,Franklin,1,3725961.9,180122bidtab.pdf,True
180122,BURTON SCOT CONTRACTORS LLC,11330 KINSMAN RD,NEWBURY,OH,44065,Geauga,2,3738711.84,180122bidtab.pdf,False
180122,KARVO COMPANIES INC,4524 HUDSON DR,STOW,OH,44224-1702,,3,3972716.75,180122bidtab.pdf,False
180122,SHELLY COMPANY,80 PARK DR BOX 266,THORNVILLE,OH,43076,Perry,4,4157688.7,180122bidtab.pdf,False
180122,CHAGRIN VALLEY PAVING INC,17290 MUNN RD,CHAGRIN FALLS,OH,44023,Geauga,5,4714364.65,180122bidtab.pdf,False
180132,SHELLY & SANDS INC,1515 HARMON AVE,COLUMBUS,OH,43223,Franklin,1,2242285.55,180132bidtab.pdf,True
180132,THE LASH PAVING COMPANY,67925 Bayberry Drive Suite B,St Clairsville,OH,43912,Belmont,2,3276261.55,180132bidtab.pdf,False
180137,GERKEN PAVING INC,9072 CO RD 424,NAPOLEON,OH,43545,Henry,1,766747.63,180137bidtab.pdf,True
180137,SHELLY COMPANY,80 PARK DR BOX 266,THORNVILLE,OH,43076,Perry,2,856597.58,180137bidtab.pdf,False
180139,THE LASH PAVING COMPANY,67925 Bayberry Drive Suite B,St Clairsville,OH,43912,Belmont,1,1694340.0,180139bidtab.pdf,True
180139,SHELLY & SANDS INC,1515 HARMON AVE,COLUMBUS,OH,43223,Franklin,2,1762602.62,180139bidtab.pdf,False
180140,SHELLY COMPANY,80 PARK DR BOX 266,THORNVILLE,OH,43076,Perry,1,1609972.51,180140bidtab.pdf,True
180141,SHELLY COMPANY,80 PARK DR BOX 266,THORNVILLE,OH,43076,Perry,1,840135.75,180141bidtab.pdf,True
180147,BARRETT PAVING MATERIALS INC,3751 COMMERCE DR,Franklin,OH,45055,Butler,1,126969.5,180147bidtab.pdf,True
180147,A & B ASPHALT CORPORATION,1780 ENON RD,SPRINGFIELD,OH,45502,Clark,2,130555.58,180147bidtab.pdf,False
180149,SHELLY & SANDS INC,1515 HARMON AVE,COLUMBUS,OH,43223,Franklin,1,1138661.05,180149bidtab.pdf,True
180149,THE LASH PAVING COMPANY,67925 Bayberry Drive Suite B,St Clairsville,OH,43912,Belmont,2,1336766.05,180149bidtab.pdf,False
180149,SHELLY COMPANY,80 PARK DR BOX 266,THORNVILLE,OH,43076,Perry,3,1398239.0,180149bidtab.pdf,False
180153,SHELLY & SANDS INC,1515 HARMON AVE,COLUMBUS,OH,43223,Franklin,1,1698654.55,180153bidtab.pdf,True
180153,BURTON SCOT CONTRACTORS LLC,11330 KINSMAN RD,NEWBURY,OH,44065,Geauga,2,1913881.53,180153bidtab.pdf,False
180153,CHAGRIN VALLEY PAVING INC,17290 MUNN RD,CHAGRIN FALLS,OH,44023,Geauga,3,1943894.3,180153bidtab.pdf,False
180153,KARVO COMPANIES INC,4524 HUDSON DR,STOW,OH,44224-1702,,4,1955064.58,180153bidtab.pdf,False
180153,SHELLY COMPANY,80 PARK DR BOX 266,THORNVILLE,OH,43076,Perry,5,1963016.65,180153bidtab.pdf,False
180153,KOKOSING CONSTRUCTION COMPANY INC,886 MC KINLEY AVE,COLUMBUS,OH,43222,Franklin,6,2089132.05,180153bidtab.pdf,False
180154,SHELLY & SANDS INC,1515 HARMON AVE,COLUMBUS,OH,43223,Franklin,1,1065884.44,180154bidtab.pdf,False
180154,KARVO COMPANIES INC,4524 HUDSON DR,STOW,OH,44224-1702,,2,1062322.85,180154bidtab.pdf,True
180154,NORTHSTAR ASPHALT INC,P O BOX 2646,NORTH CANTON,OH,44720,Stark,3,1318100.4,180154bidtab.pdf,False
180154,SHELLY COMPANY,80 PARK DR BOX 266,THORNVILLE,OH,43076,Perry,4,1406438.6,180154bidtab.pdf,False
180154,BARBICAS CONSTRUCTION COMPANY INC,124 DARROW RD,AKRON,OH,44305,Summit,5,1488415.25,180154bidtab.pdf,False
180155,SHELLY COMPANY,80 PARK DR BOX 266,THORNVILLE,OH,43076,Perry,1,4949973.58,180155bidtab.pdf,True
180156,SHELLY COMPANY,80 PARK DR BOX 266,THORNVILLE,OH,43076,Perry,1,3998195.75,180156bidtab.pdf,True
180156,JOHN R JURGENSEN COMPANY,11641 MOSTELLER RD,CINCINNATI,OH,45241,Hamilton,2,4236389.21,180156bidtab.pdf,False
180156,BARRETT PAVING MATERIALS INC,3751 COMMERCE DR,Franklin,OH,45055,Butler,3,4566990.0,180156bidtab.pdf,False
180164,SHELLY & SANDS INC,1515 HARMON AVE,COLUMBUS,OH,43223,Franklin,1,1526184.3,180164bidtab.pdf,True
180164,KOKOSING CONSTRUCTION COMPANY INC,886 MC KINLEY AVE,COLUMBUS,OH,43222,Franklin,2,1683361.29,180164bidtab.pdf,False
180164,SHELLY COMPANY,80 PARK DR BOX 266,THORNVILLE,OH,43076,Perry,3,1759464.37,180164bidtab.pdf,False
180165,GERKEN PAVING INC,9072 CO RD 424,NAPOLEON,OH,43545,Henry,1,1551273.59,180165bidtab.pdf,True
180166,RONYAK PAVING INC,14376 N CHESHIRE ST,BURTON,OH,44021,Geauga,1,698460.75,180166bidtab.pdf,True
180166,CHAGRIN VALLEY PAVING INC,17290 MUNN RD,CHAGRIN FALLS,OH,44023,Geauga,2,705069.6,180166bidtab.pdf,False
180166,BURTON SCOT CONTRACTORS LLC,11330 KINSMAN RD,NEWBURY,OH,44065,Geauga,3,787066.4,180166bidtab.pdf,False
180166,KARVO COMPANIES INC,4524 HUDSON DR,STOW,OH,44224-1702,,4,792264.89,180166bidtab.pdf,False
180166,KOKOSING CONSTRUCTION COMPANY INC,886 MC KINLEY AVE,COLUMBUS,OH,43222,Franklin,5,828325.61,180166bidtab.pdf,False
180166,BARBICAS CONSTRUCTION COMPANY INC,124 DARROW RD,AKRON,OH,44305,Summit,6,938445.82,180166bidtab.pdf,False
180167,RONYAK PAVING INC,14376 N CHESHIRE ST,BURTON,OH,44021,Geauga,1,2033879.12,180167bidtab.pdf,True
180167,KOKOSING CONSTRUCTION COMPANY INC,886 MC KINLEY AVE,COLUMBUS,OH,43222,Franklin,2,2062622.55,180167bidtab.pdf,False
180167,CHAGRIN VALLEY PAVING INC,17290 MUNN RD,CHAGRIN FALLS,OH,44023,Geauga,3,2075014.85,180167bidtab.pdf,False
180167,BURTON SCOT CONTRACTORS LLC,11330 KINSMAN RD,NEWBURY,OH,44065,Geauga,4,2110296.63,180167bidtab.pdf,False
180167,KARVO COMPANIES INC,4524 HUDSON DR,STOW,OH,44224-1702,,5,2212426.21,180167bidtab.pdf,False
180167,BARBICAS CONSTRUCTION COMPANY INC,124 DARROW RD,AKRON,OH,44305,Summit,6,2484315.6,180167bidtab.pdf,False
180170,SHELLY COMPANY,80 PARK DR BOX 266,THORNVILLE,OH,43076,Perry,1,3254981.14,180170bidtab.pdf,True
180170,KOKOSING CONSTRUCTION COMPANY INC,886 MC KINLEY AVE,COLUMBUS,OH,43222,Franklin,2,3285385.63,180170bidtab.pdf,False
180172,SHELLY COMPANY,80 PARK DR BOX 266,THORNVILLE,OH,43076,Perry,1,1995152.3,180172bidtab.pdf,True
180174,BARRETT PAVING MATERIALS INC,3751 COMMERCE DR,Franklin,OH,45055,Butler,1,989500.0,180174bidtab.pdf,True
180174,JOHN R JURGENSEN COMPANY,11641 MOSTELLER RD,CINCINNATI,OH,45241,Hamilton,2,1061490.28,180174bidtab.pdf,False
180175,KOKOSING CONSTRUCTION COMPANY INC,886 MC KINLEY AVE,COLUMBUS,OH,43222,Franklin,1,3016220.09,180175bidtab.pdf,True
180175,SHELLY & SANDS INC,1515 HARMON AVE,COLUMBUS,OH,43223,Franklin,2,3280222.29,180175bidtab.pdf,False
180179,M & B ASPHALT CO INC,1525 WEST COUNTY RD #42,TIFFIN,OH,44883,Seneca,1,1680016.93,180179bidtab.pdf,True
180179,GERKEN PAVING INC,9072 CO RD 424,NAPOLEON,OH,43545,Henry,2,1723281.73,180179bidtab.pdf,False
180179,ERIE BLACKTOP INC,4507 TIFFIN AVE,SANDUSKY,OH,44870,Erie,3,1784852.62,180179bidtab.pdf,False
180179,KOKOSING CONSTRUCTION COMPANY INC,886 MC KINLEY AVE,COLUMBUS,OH,43222,Franklin,4,1884348.22,180179bidtab.pdf,False
180187,SHELLY COMPANY,80 PARK DR BOX 266,THORNVILLE,OH,43076,Perry,1,177278.52,180187bidtab.pdf,True
180189,BLUFFTON PAVING INC,P O BOX 26,BLUFFTON,OH,45817,Allen,1,2051533.78,180189bidtab.pdf,True
180189,SHELLY COMPANY,80 PARK DR BOX 266,THORNVILLE,OH,43076,Perry,2,2097691.41,180189bidtab.pdf,False
180192,KOSKI CONSTRUCTION CO,P O BOX 1038,ASHTABULA,OH,44005-1038,,1,3816389.37,180192bidtab.pdf,True
180192,RONYAK PAVING INC,14376 N CHESHIRE ST,BURTON,OH,44021,Geauga,2,3883336.5,180192bidtab.pdf,False
180192,SHELLY & SANDS INC,1515 HARMON AVE,COLUMBUS,OH,43223,Franklin,3,4061243.51,180192bidtab.pdf,False
180192,KARVO COMPANIES INC,4524 HUDSON DR,STOW,OH,44224-1702,,4,4266571.57,180192bidtab.pdf,False
180192,CHAGRIN VALLEY PAVING INC,17290 MUNN RD,CHAGRIN FALLS,OH,44023,Geauga,5,4344509.3,180192bidtab.pdf,False
180192,KOKOSING CONSTRUCTION COMPANY INC,886 MC KINLEY AVE,COLUMBUS,OH,43222,Franklin,6,4506247.73,180192bidtab.pdf,False
180192,BURTON SCOT CONTRACTORS LLC,11330 KINSMAN RD,NEWBURY,OH,44065,Geauga,7,4684816.99,180192bidtab.pdf,False
180195,SHELLY COMPANY,80 PARK DR BOX 266,THORNVILLE,OH,43076,Perry,1,3549995.31,180195bidtab.pdf,True
180195,THE LASH PAVING COMPANY,67925 Bayberry Drive Suite B,St Clairsville,OH,43912,Belmont,2,4130000.0,180195bidtab.pdf,False
180197,CHAGRIN VALLEY PAVING INC,17290 MUNN RD,CHAGRIN FALLS,OH,44023,Geauga,1,883882.46,180197bidtab.pdf,True
180197,RONYAK PAVING INC,14376 N CHESHIRE ST,BURTON,OH,44021,Geauga,2,921146.9,180197bidtab.pdf,False
180197,BURTON SCOT CONTRACTORS LLC,11330 KINSMAN RD,NEWBURY,OH,44065,Geauga,3,922539.7,180197bidtab.pdf,False
180197,BARBICAS CONSTRUCTION COMPANY INC,124 DARROW RD,AKRON,OH,44305,Summit,4,947946.62,180197bidtab.pdf,False
180197,KARVO COMPANIES INC,4524 HUDSON DR,STOW,OH,44224-1702,,5,1010361.68,180197bidtab.pdf,False
180197,SHELLY COMPANY,80 PARK DR BOX 266,THORNVILLE,OH,43076,Perry,6,1074787.31,180197bidtab.pdf,False
180197,KOKOSING CONSTRUCTION COMPANY INC,886 MC KINLEY AVE,COLUMBUS,OH,43222,Franklin,7,1085683.11,180197bidtab.pdf,False
180206,KOKOSING CONSTRUCTION COMPANY INC,886 MC KINLEY AVE,COLUMBUS,OH,43222,Franklin,1,2497650.25,180206bidtab.pdf,True
180206,SHELLY & SANDS INC,1515 HARMON AVE,COLUMBUS,OH,43223,Franklin,2,2609863.0,180206bidtab.pdf,False
180210,SHELLY & SANDS INC,1515 HARMON AVE,COLUMBUS,OH,43223,Franklin,1,331366.58,180210bidtab.pdf,True
180211,CHAGRIN VALLEY PAVING INC,17290 MUNN RD,CHAGRIN FALLS,OH,44023,Geauga,1,1669865.65,180211bidtab.pdf,True
180211,SHELLY COMPANY,80 PARK DR BOX 266,THORNVILLE,OH,43076,Perry,2,1825481.3,180211bidtab.pdf,False
180211,SUPERIOR PAVING & MATERIALS INC,5945 WHIPPLE AVE NW,NORTH CANTON,OH,44720,Stark,3,1925943.4,180211bidtab.pdf,False
180211,NORTHSTAR ASPHALT INC,P O BOX 2646,NORTH CANTON,OH,44720,Stark,4,1952506.65,180211bidtab.pdf,False
180211,BARBICAS CONSTRUCTION COMPANY INC,124 DARROW RD,AKRON,OH,44305,Summit,5,2071225.75,180211bidtab.pdf,False
180217,SHELLY COMPANY,80 PARK DR BOX 266,THORNVILLE,OH,43076,Perry,1,1194961.4,180217bidtab.pdf,True
180222,SHELLY COMPANY,80 PARK DR BOX 266,THORNVILLE,OH,43076,Perry,1,5025475.88,180222bidtab.pdf,True
180222,MELWAY PAVING CO INC,7571 ST RT 83,HOLMESVILLE,OH,44633,Holmes,2,5314751.15,180222bidtab.pdf,False
180223,KARVO COMPANIES INC,4524 HUDSON DR,STOW,OH,44224-1702,,1,1638897.75,180223bidtab.pdf,True
180223,SHELLY COMPANY,80 PARK DR BOX 266,THORNVILLE,OH,43076,Perry,2,1682412.55,180223bidtab.pdf,False
180223,CHAGRIN VALLEY PAVING INC,17290 MUNN RD,CHAGRIN FALLS,OH,44023,Geauga,3,1774088.3,180223bidtab.pdf,False
180223,BURTON SCOT CONTRACTORS LLC,11330 KINSMAN RD,NEWBURY,OH,44065,Geauga,4,1829828.95,180223bidtab.pdf,False
180223,BARBICAS CONSTRUCTION COMPANY INC,124 DARROW RD,AKRON,OH,44305,Summit,5,1932082.45,180223bidtab.pdf,False
180227,NUKO PAVING INC,1 ACY AVE SUITE C,JACKSON,OH,45640,Jackson,1,1070493.31,180227bidtab.pdf,True
180227,SHELLY & SANDS INC,1515 HARMON AVE,COLUMBUS,OH,43223,Franklin,2,1116990.42,180227bidtab.pdf,False
180227,SHELLY COMPANY,80 PARK DR BOX 266,THORNVILLE,OH,43076,Perry,3,1449942.88,180227bidtab.pdf,False
180228,RONYAK PAVING INC,14376 N CHESHIRE ST,BURTON,OH,44021,Geauga,1,969939.66,180228bidtab.pdf,True
180228,CHAGRIN VALLEY PAVING INC,17290 MUNN RD,CHAGRIN FALLS,OH,44023,Geauga,2,997306.86,180228bidtab.pdf,False
180228,KARVO COMPANIES INC,4524 HUDSON DR,STOW,OH,44224-1702,,3,1018581.76,180228bidtab.pdf,False
180228,KOKOSING CONSTRUCTION COMPANY INC,886 MC KINLEY AVE,COLUMBUS,OH,43222,Franklin,4,1134212.06,180228bidtab.pdf,False
180228,BURTON SCOT CONTRACTORS LLC,11330 KINSMAN RD,NEWBURY,OH,44065,Geauga,5,1219513.46,180228bidtab.pdf,False
180228,BARBICAS CONSTRUCTION COMPANY INC,124 DARROW RD,AKRON,OH,44305,Summit,6,1228053.06,180228bidtab.pdf,False
180229,SHELLY COMPANY,80 PARK DR BOX 266,THORNVILLE,OH,43076,Perry,1,788580.6,180229bidtab.pdf,True
180230,JOHN R JURGENSEN COMPANY,11641 MOSTELLER RD,CINCINNATI,OH,45241,Hamilton,1,839020.46,180230bidtab.pdf,True
180231,SHELLY & SANDS INC,1515 HARMON AVE,COLUMBUS,OH,43223,Franklin,1,2990525.35,180231bidtab.pdf,True
180232,SHELLY & SANDS INC,1515 HARMON AVE,COLUMBUS,OH,43223,Franklin,1,983580.81,180232bidtab.pdf,True
180232,SHELLY COMPANY,80 PARK DR BOX 266,THORNVILLE,OH,43076,Perry,2,1058976.19,180232bidtab.pdf,False
180232,NUKO PAVING INC,1 ACY AVE SUITE C,JACKSON,OH,45640,Jackson,3,1059815.45,180232bidtab.pdf,False
180233,ERIE BLACKTOP INC,4507 TIFFIN AVE,SANDUSKY,OH,44870,Erie,1,4230739.39,180233bidtab.pdf,True
180233,GERKEN PAVING INC,9072 CO RD 424,NAPOLEON,OH,43545,Henry,2,4472950.02,180233bidtab.pdf,False
180233,KOKOSING CONSTRUCTION COMPANY INC,886 MC KINLEY AVE,COLUMBUS,OH,43222,Franklin,3,4485047.41,180233bidtab.pdf,False
180237,KARVO COMPANIES INC,4524 HUDSON DR,STOW,OH,44224-1702,,1,4358143.04,180237bidtab.pdf,True
180237,SHELLY COMPANY,80 PARK DR BOX 266,THORNVILLE,OH,43076,Perry,2,4385837.85,180237bidtab.pdf,False
180237,KOKOSING CONSTRUCTION COMPANY INC,886 MC KINLEY AVE,COLUMBUS,OH,43222,Franklin,3,4432999.0,180237bidtab.pdf,False
180237,CHAGRIN VALLEY PAVING INC,17290 MUNN RD,CHAGRIN FALLS,OH,44023,Geauga,4,5171106.5,180237bidtab.pdf,False
180238,KARVO COMPANIES INC,4524 HUDSON DR,STOW,OH,44224-1702,,1,758116.3,180238bidtab.pdf,True
180238,CHAGRIN VALLEY PAVING INC,17290 MUNN RD,CHAGRIN FALLS,OH,44023,Geauga,2,764155.2,180238bidtab.pdf,False
180238,BARBICAS CONSTRUCTION COMPANY INC,124 DARROW RD,AKRON,OH,44305,Summit,3,784298.96,180238bidtab.pdf,False
180238,KOKOSING CONSTRUCTION COMPANY INC,886 MC KINLEY AVE,COLUMBUS,OH,43222,Franklin,4,845643.9,180238bidtab.pdf,False
180238,MELWAY PAVING CO INC,7571 ST RT 83,HOLMESVILLE,OH,44633,Holmes,5,901911.62,180238bidtab.pdf,False
180246,SHELLY & SANDS INC,1515 HARMON AVE,COLUMBUS,OH,43223,Franklin,1,14694990.32,180246bidtab.pdf,True
180246,SHELLY COMPANY,80 PARK DR BOX 266,THORNVILLE,OH,43076,Perry,2,15969795.16,180246bidtab.pdf,False
180246,KOKOSING CONSTRUCTION COMPANY INC,886 MC KINLEY AVE,COLUMBUS,OH,43222,Franklin,3,17581862.94,180246bidtab.pdf,False
180246,JOHN R JURGENSEN COMPANY,11641 MOSTELLER RD,CINCINNATI,OH,45241,Hamilton,4,17925994.04,180246bidtab.pdf,False
180249,SUPERIOR PAVING & MATERIALS INC,5945 WHIPPLE AVE NW,NORTH CANTON,OH,44720,Stark,1,1708156.09,180249bidtab.pdf,True
180249,SHELLY & SANDS INC,1515 HARMON AVE,COLUMBUS,OH,43223,Franklin,2,1710989.05,180249bidtab.pdf,False
180249,SHELLY COMPANY,80 PARK DR BOX 266,THORNVILLE,OH,43076,Perry,3,1868047.6,180249bidtab.pdf,False
180249,BARBICAS CONSTRUCTION COMPANY INC,124 DARROW RD,AKRON,OH,44305,Summit,4,2028526.14,180249bidtab.pdf,False
180249,ALLIED ENTERPRISES INC,1243 RAFF RD S W,CANTON,OH,44710,Stark,5,2039861.8,180249bidtab.pdf,False
180249,"NLS PAVING, INC",67925 Bayberry Drive Suite B,St Clairsville,OH,43950,Belmont,6,2162000.0,180249bidtab.pdf,False
180250,BARRETT PAVING MATERIALS INC,3751 COMMERCE DR,MIDDLETOWN,OH,45055,Butler,1,712606.45,180250bidtab.pdf,True
180250,JOHN R JURGENSEN COMPANY,11641 MOSTELLER RD,CINCINNATI,OH,45241,Hamilton,2,776965.72,180250bidtab.pdf,False
180250,SHELLY COMPANY,80 PARK DR BOX 266,THORNVILLE,OH,43076,Perry,3,1141105.89,180250bidtab.pdf,False
180256,GERKEN PAVING INC,9072 CO RD 424,NAPOLEON,OH,43545,Henry,1,781800.13,180256bidtab.pdf,True
180257,GERKEN PAVING INC,9072 CO RD 424,NAPOLEON,OH,43545,Henry,1,1316758.73,180257bidtab.pdf,True
180259,KOKOSING CONSTRUCTION COMPANY INC,886 MC KINLEY AVE,COLUMBUS,OH,43222,Franklin,1,5683375.34,180259bidtab.pdf,True
180260,CHAGRIN VALLEY PAVING INC,17290 MUNN RD,CHAGRIN FALLS,OH,44023,Geauga,1,931273.05,180260bidtab.pdf,True
180260,KARVO COMPANIES INC,4524 HUDSON DR,STOW,OH,44224-1702,,2,957680.69,180260bidtab.pdf,False
180260,BURTON SCOT CONTRACTORS LLC,11330 KINSMAN RD,NEWBURY,OH,44065,Geauga,3,965736.6,180260bidtab.pdf,False
180260,RONYAK PAVING INC,14376 N CHESHIRE ST,BURTON,OH,44021,Geauga,4,1013130.75,180260bidtab.pdf,False
180260,BARBICAS CONSTRUCTION COMPANY INC,124 DARROW RD,AKRON,OH,44305,Summit,5,1050397.68,180260bidtab.pdf,False
180260,KOKOSING CONSTRUCTION COMPANY INC,886 MC KINLEY AVE,COLUMBUS,OH,43222,Franklin,6,1199950.55,180260bidtab.pdf,False
180262,SHELLY COMPANY,80 PARK DR BOX 266,THORNVILLE,OH,43076,Perry,1,3011958.7,180262bidtab.pdf,True
180262,CRESTLINE PAVING & EXCAVATING CO INC,1913 NEBRASKA AVE,TOLEDO,OH,43607,Lucas,2,3198215.83,180262bidtab.pdf,False
180265,KARVO COMPANIES INC,4524 HUDSON DR,STOW,OH,44224-1702,,1,1452415.77,180265bidtab.pdf,True
180265,SHELLY & SANDS INC,1515 HARMON AVE,COLUMBUS,OH,43223,Franklin,2,1469021.23,180265bidtab.pdf,False
180265,CHAGRIN VALLEY PAVING INC,17290 MUNN RD,CHAGRIN FALLS,OH,44023,Geauga,3,1547289.95,180265bidtab.pdf,False
180265,SHELLY COMPANY,80 PARK DR BOX 266,THORNVILLE,OH,43076,Perry,4,1550627.6,180265bidtab.pdf,False
180265,RONYAK PAVING INC,14376 N CHESHIRE ST,BURTON,OH,44021,Geauga,5,1569100.72,180265bidtab.pdf,False
180265,BARBICAS CONSTRUCTION COMPANY INC,124 DARROW RD,AKRON,OH,44305,Summit,6,1611277.3,180265bidtab.pdf,False
180265,KOKOSING CONSTRUCTION COMPANY INC,886 MC KINLEY AVE,COLUMBUS,OH,43222,Franklin,7,1670436.47,180265bidtab.pdf,False
180269,ERIE BLACKTOP INC,4507 TIFFIN AVE,SANDUSKY,OH,44870,Erie,1,2605281.67,180269bidtab.pdf,True
180269,M & B ASPHALT CO INC,1525 WEST COUNTY RD #42,TIFFIN,OH,44883,Seneca,2,2688703.25,180269bidtab.pdf,False
180269,GERKEN PAVING INC,9072 CO RD 424,NAPOLEON,OH,43545,Henry,3,2889480.52,180269bidtab.pdf,False
180270,BARRETT PAVING MATERIALS INC,3751 COMMERCE DR,MIDDLETOWN,OH,45055,Butler,1,467100.0,180270bidtab.pdf,True
180272,SHELLY & SANDS INC,1515 HARMON AVE,COLUMBUS,OH,43223,Franklin,1,1091409.19,180272bidtab.pdf,True
180272,KARVO COMPANIES INC,4524 HUDSON DR,STOW,OH,44224-1702,,2,1117627.26,180272bidtab.pdf,False
180272,BARBICAS CONSTRUCTION COMPANY INC,124 DARROW RD,AKRON,OH,44305,Summit,3,1190618.47,180272bidtab.pdf,False
180272,CHAGRIN VALLEY PAVING INC,17290 MUNN RD,CHAGRIN FALLS,OH,44023,Geauga,4,1192484.26,180272bidtab.pdf,False
180272,NORTHSTAR ASPHALT INC,P O BOX 2646,NORTH CANTON,OH,44720,Stark,5,1198734.81,180272bidtab.pdf,False
180272,SHELLY COMPANY,80 PARK DR BOX 266,THORNVILLE,OH,43076,Perry,6,1237522.86,180272bidtab.pdf,False
180272,ALLIED ENTERPRISES INC,1243 RAFF RD S W,CANTON,OH,44710,Stark,7,1394106.95,180272bidtab.pdf,False
180282,KARVO COMPANIES INC,4524 HUDSON DR,STOW,OH,44224-1702,,1,1531768.75,180282bidtab.pdf,True
180282,SHELLY COMPANY,80 PARK DR BOX 266,THORNVILLE,OH,43076,Perry,2,1563321.95,180282bidtab.pdf,False
180282,PERK COMPANY INC,8100 GRAND AVE SUITE 300,CLEVELAND,OH,44104-3110,,3,1645957.45,180282bidtab.pdf,False
180282,BARBICAS CONSTRUCTION COMPANY INC,124 DARROW RD,AKRON,OH,44305,Summit,4,1757829.6,180282bidtab.pdf,False
180282,CHAGRIN VALLEY PAVING INC,17290 MUNN RD,CHAGRIN FALLS,OH,44023,Geauga,5,1773068.95,180282bidtab.pdf,False
180282,RONYAK PAVING INC,14376 N CHESHIRE ST,BURTON,OH,44021,Geauga,6,1888165.15,180282bidtab.pdf,False
180282,BURTON SCOT CONTRACTORS LLC,11330 KINSMAN RD,NEWBURY,OH,44065,Geauga,7,1940465.45,180282bidtab.pdf,False
180285,SHELLY & SANDS INC,1515 HARMON AVE,COLUMBUS,OH,43223,Franklin,1,2891545.62,180285bidtab.pdf,True
180285,SHELLY COMPANY,80 PARK DR BOX 266,THORNVILLE,OH,43076,Perry,2,3085852.55,180285bidtab.pdf,False
180285,KOKOSING CONSTRUCTION COMPANY INC,886 MC KINLEY AVE,COLUMBUS,OH,43222,Franklin,3,3680461.35,180285bidtab.pdf,False
180289,SHELLY & SANDS INC,1515 HARMON AVE,COLUMBUS,OH,43223,Franklin,1,2426641.65,180289bidtab.pdf,True
180289,SHELLY COMPANY,80 PARK DR BOX 266,THORNVILLE,OH,43076,Perry,2,2799973.82,180289bidtab.pdf,False
180289,NUKO PAVING INC,1 ACY AVE SUITE C,JACKSON,OH,45640,Jackson,3,3849727.71,180289bidtab.pdf,False
180291,CHAGRIN VALLEY PAVING INC,17290 MUNN RD,CHAGRIN FALLS,OH,44023,Geauga,1,494175.1,180291bidtab.pdf,True
180291,KARVO COMPANIES INC,4524 HUDSON DR,STOW,OH,44224-1702,,2,494728.1,180291bidtab.pdf,False
180291,BARBICAS CONSTRUCTION COMPANY INC,124 DARROW RD,AKRON,OH,44305,Summit,3,524065.05,180291bidtab.pdf,False
180291,SHELLY COMPANY,80 PARK DR BOX 266,THORNVILLE,OH,43076,Perry,4,534596.05,180291bidtab.pdf,False
180291,RONYAK PAVING INC,14376 N CHESHIRE ST,BURTON,OH,44021,Geauga,5,586099.25,180291bidtab.pdf,False
180291,ROADS ASPHALT RECYCLING INC,13421 HAWKE RD,COLUMBIA STATION,OH,44028,Lorain,6,634543.2,180291bidtab.pdf,False
180292,KOKOSING CONSTRUCTION COMPANY INC,886 MC KINLEY AVE,COLUMBUS,OH,43222,Franklin,1,1166295.01,180292bidtab.pdf,True
180292,SHELLY & SANDS INC,1515 HARMON AVE,COLUMBUS,OH,43223,Franklin,2,1241794.69,180292bidtab.pdf,False
180294,NUKO PAVING INC,1 ACY AVE SUITE C,JACKSON,OH,45640,Jackson,1,1027431.15,180294bidtab.pdf,True
180294,SHELLY COMPANY,80 PARK DR BOX 266,THORNVILLE,OH,43076,Perry,2,1059520.05,180294bidtab.pdf,False
180294,SHELLY & SANDS INC,1515 HARMON AVE,COLUMBUS,OH,43223,Franklin,3,1218325.8,180294bidtab.pdf,False
180295,SHELLY COMPANY,80 PARK DR BOX 266,THORNVILLE,OH,43076,Perry,1,1894888.54,180295bidtab.pdf,True
180295,AXIS CIVIL CONSTRUCTION LLC,5715 WESTBOURNE AVENUE,COLUMBUS,OH,43213,Franklin,2,2235659.42,180295bidtab.pdf,False
180298,SHELLY & SANDS INC,1515 HARMON AVE,COLUMBUS,OH,43223,Franklin,1,2224214.4,180298bidtab.pdf,True
180298,"NLS PAVING, INC",67925 Bayberry Drive Suite B,St Clairsville,OH,43950,Belmont,2,2552607.95,180298bidtab.pdf,False
180302,GERKEN PAVING INC,9072 CO RD 424,NAPOLEON,OH,43545,Henry,1,6425675.81,180302bidtab.pdf,True
180312,SHELLY COMPANY,80 PARK DR BOX 266,THORNVILLE,OH,43076,Perry,1,794431.5,180312bidtab.pdf,True
180312,BLUFFTON PAVING INC,P O BOX 26,BLUFFTON,OH,45817,Allen,2,869698.6,180312bidtab.pdf,False
180318,SHELLY & SANDS INC,1515 HARMON AVE,COLUMBUS,OH,43223,Franklin,1,4958053.5,180318bidtab.pdf,True
180318,"NLS PAVING, INC",67925 Bayberry Drive Suite B,St Clairsville,OH,43950,Belmont,2,5123059.5,180318bidtab.pdf,False
180319,JOHN R JURGENSEN COMPANY,11641 MOSTELLER RD,CINCINNATI,OH,45241,Hamilton,1,3284255.33,180319bidtab.pdf,True
180319,BARRETT PAVING MATERIALS INC,3751 COMMERCE DR,MIDDLETOWN,OH,45055,Butler,2,3285158.55,180319bidtab.pdf,False
180325,BARRETT PAVING MATERIALS INC,3751 COMMERCE DR,MIDDLETOWN,OH,45055,Butler,1,791470.0,180325bidtab.pdf,True
180325,WALLS BROS ASPHALT CO INC,3690 HOLLANSBURG-SAMPSON RD,GREENVILLE,OH,45331,Darke,2,875099.75,180325bidtab.pdf,False
180326,SHELLY COMPANY,80 PARK DR BOX 266,THORNVILLE,OH,43076,Perry,1,957859.2,180326bidtab.pdf,True
180326,GERKEN PAVING INC,9072 CO RD 424,NAPOLEON,OH,43545,Henry,2,996731.5,180326bidtab.pdf,False
180329,M & B ASPHALT CO INC,1525 WEST COUNTY RD #42,TIFFIN,OH,44883,Seneca,1,1604914.97,180329bidtab.pdf,True
180329,GERKEN PAVING INC,9072 CO RD 424,NAPOLEON,OH,43545,Henry,2,1776402.11,180329bidtab.pdf,False
180330,KOKOSING CONSTRUCTION COMPANY INC,886 MC KINLEY AVE,COLUMBUS,OH,43222,Franklin,1,1014002.1,180330bidtab.pdf,True
180330,SHELLY COMPANY,80 PARK DR BOX 266,THORNVILLE,OH,43076,Perry,2,1067840.05,180330bidtab.pdf,False
180330,KARVO COMPANIES INC,4524 HUDSON DR,STOW,OH,44224-1702,,3,1128395.25,180330bidtab.pdf,False
180330,SHELLY & SANDS INC,1515 HARMON AVE,COLUMBUS,OH,43223,Franklin,4,1128465.95,180330bidtab.pdf,False
180330,MELWAY PAVING CO INC,7571 ST RT 83,HOLMESVILLE,OH,44633,Holmes,5,1137511.14,180330bidtab.pdf,False
180330,CHAGRIN VALLEY PAVING INC,17290 MUNN RD,CHAGRIN FALLS,OH,44023,Geauga,6,1187391.65,180330bidtab.pdf,False
180330,BARBICAS CONSTRUCTION COMPANY INC,124 DARROW RD,AKRON,OH,44305,Summit,7,1255798.25,180330bidtab.pdf,False
180331,NORTHSTAR ASPHALT INC,P O BOX 2646,NORTH CANTON,OH,44720,Stark,1,1905745.6,180331bidtab.pdf,True
180331,CHAGRIN VALLEY PAVING INC,17290 MUNN RD,CHAGRIN FALLS,OH,44023,Geauga,2,1962882.93,180331bidtab.pdf,False
180331,KARVO COMPANIES INC,4524 HUDSON DR,STOW,OH,44224-1702,,3,2008382.76,180331bidtab.pdf,False
180331,KOKOSING CONSTRUCTION COMPANY INC,886 MC KINLEY AVE,COLUMBUS,OH,43222,Franklin,4,2283361.7,180331bidtab.pdf,False
180345,SHELLY & SANDS INC,1515 HARMON AVE,COLUMBUS,OH,43223,Franklin,1,1568866.1,180345bidtab.pdf,True
180345,KARVO COMPANIES INC,4524 HUDSON DR,STOW,OH,44224-1702,,2,1693661.75,180345bidtab.pdf,False
180345,MELWAY PAVING CO INC,7571 ST RT 83,HOLMESVILLE,OH,44633,Holmes,3,1728108.69,180345bidtab.pdf,False
180345,KOKOSING CONSTRUCTION COMPANY INC,886 MC KINLEY AVE,COLUMBUS,OH,43222,Franklin,4,1897225.91,180345bidtab.pdf,False
180355,KOKOSING CONSTRUCTION COMPANY INC,886 MC KINLEY AVE,COLUMBUS,OH,43222,Franklin,1,5392138.9,180355bidtab.pdf,True
180355,SHELLY COMPANY,80 PARK DR BOX 266,THORNVILLE,OH,43076,Perry,2,5497890.42,180355bidtab.pdf,False
180355,SHELLY & SANDS INC,1515 HARMON AVE,COLUMBUS,OH,43223,Franklin,3,6248439.05,180355bidtab.pdf,False
180364,SHELLY COMPANY,80 PARK DR BOX 266,THORNVILLE,OH,43076,Perry,1,2209246.35,180364bidtab.pdf,True
180364,SHELLY & SANDS INC,1515 HARMON AVE,COLUMBUS,OH,43223,Franklin,2,2444851.95,180364bidtab.pdf,False
180367,SHELLY & SANDS INC,1515 HARMON AVE,COLUMBUS,OH,43223,Franklin,1,3306995.06,180367bidtab.pdf,True
180367,KOKOSING CONSTRUCTION COMPANY INC,886 MC KINLEY AVE,COLUMBUS,OH,43222,Franklin,2,3587549.08,180367bidtab.pdf,False
180385,BARRETT PAVING MATERIALS INC,3751 COMMERCE DR,MIDDLETOWN,OH,45055,Butler,1,2548010.2,180385bidtab.pdf,True
180385,JOHN R JURGENSEN COMPANY,11641 MOSTELLER RD,CINCINNATI,OH,45241,Hamilton,2,2656431.18,180385bidtab.pdf,False
180386,SUPERIOR PAVING & MATERIALS INC,5945 WHIPPLE AVE NW,NORTH CANTON,OH,44720,Stark,1,494370.86,180386bidtab.pdf,True
180386,SHELLY COMPANY,80 PARK DR BOX 266,THORNVILLE,OH,43076,Perry,2,527808.81,180386bidtab.pdf,False
180386,BARBICAS CONSTRUCTION COMPANY INC,124 DARROW RD,AKRON,OH,44305,Summit,3,579493.69,180386bidtab.pdf,False
180386,ALLIED ENTERPRISES INC,1243 RAFF RD S W,CANTON,OH,44710,Stark,4,1213181.24,180386bidtab.pdf,False
180391,SHELLY COMPANY,80 PARK DR BOX 266,THORNVILLE,OH,43076,Perry,1,5240482.25,180391bidtab.pdf,True
180391,SHELLY & SANDS INC,1515 HARMON AVE,COLUMBUS,OH,43223,Franklin,2,5514157.4,180391bidtab.pdf,False
180391,KOKOSING CONSTRUCTION COMPANY INC,886 MC KINLEY AVE,COLUMBUS,OH,43222,Franklin,3,5627447.12,180391bidtab.pdf,False
180394,GERKEN PAVING INC,9072 CO RD 424,NAPOLEON,OH,43545,Henry,1,2324149.97,180394bidtab.pdf,True
180398,SHELLY COMPANY,80 PARK DR BOX 266,THORNVILLE,OH,43076,Perry,1,3407798.85,180398bidtab.pdf,True
180399,SHELLY & SANDS INC,1515 HARMON AVE,COLUMBUS,OH,43223,Franklin,1,1840414.55,180399bidtab.pdf,True
180399,"NLS PAVING, INC",67925 Bayberry Drive Suite B,St Clairsville,OH,43950,Belmont,2,2276629.35,180399bidtab.pdf,False
180400,BARRETT PAVING MATERIALS INC,3751 COMMERCE DR,MIDDLETOWN,OH,45055,Butler,1,1118318.0,180400bidtab.pdf,True
180400,JOHN R JURGENSEN COMPANY,11641 MOSTELLER RD,CINCINNATI,OH,45241,Hamilton,2,1338644.25,180400bidtab.pdf,False
180401,SHELLY & SANDS INC,1515 HARMON AVE,COLUMBUS,OH,43223,Franklin,1,3185152.15,180401bidtab.pdf,True
180403,SHELLY & SANDS INC,1515 HARMON AVE,COLUMBUS,OH,43223,Franklin,1,8566636.2,180403bidtab.pdf,True
180403,KOKOSING CONSTRUCTION COMPANY INC,886 MC KINLEY AVE,COLUMBUS,OH,43222,Franklin,2,8567245.41,180403bidtab.pdf,False
180406,SHELLY COMPANY,80 PARK DR BOX 266,THORNVILLE,OH,43076,Perry,1,1119040.46,180406bidtab.pdf,True
180406,SHELLY & SANDS INC,1515 HARMON AVE,COLUMBUS,OH,43223,Franklin,2,1169841.25,180406bidtab.pdf,False
180406,RONYAK PAVING INC,14376 N CHESHIRE ST,BURTON,OH,44021,Geauga,3,1229570.0,180406bidtab.pdf,False
180406,KARVO COMPANIES INC,4524 HUDSON DR,STOW,OH,44224-1702,,4,1261561.2,180406bidtab.pdf,False
180406,BARBICAS CONSTRUCTION COMPANY INC,124 DARROW RD,AKRON,OH,44305,Summit,5,1413755.96,180406bidtab.pdf,False
180406,CHAGRIN VALLEY PAVING INC,17290 MUNN RD,CHAGRIN FALLS,OH,44023,Geauga,6,1474661.86,180406bidtab.pdf,False
180411,BARRETT PAVING MATERIALS INC,3751 COMMERCE DR,MIDDLETOWN,OH,45055,Butler,1,16070985.01,180411bidtab.pdf,True
180411,JOHN R JURGENSEN COMPANY,11641 MOSTELLER RD,CINCINNATI,OH,45241,Hamilton,2,17444642.49,180411bidtab.pdf,False
180413,A & B ASPHALT CORPORATION,1780 ENON RD,SPRINGFIELD,OH,45502,Clark,1,730780.1,180413bidtab.pdf,True
180413,BARRETT PAVING MATERIALS INC,3751 COMMERCE DR,MIDDLETOWN,OH,45055,Butler,2,766578.0,180413bidtab.pdf,False
180413,SHELLY COMPANY,80 PARK DR BOX 266,THORNVILLE,OH,43076,Perry,3,813907.64,180413bidtab.pdf,False
180420,M & B ASPHALT CO INC,1525 WEST COUNTY RD #42,TIFFIN,OH,44883,Seneca,1,1924829.05,180420bidtab.pdf,True
180420,SHELLY COMPANY,80 PARK DR BOX 266,THORNVILLE,OH,43076,Perry,2,2073097.3,180420bidtab.pdf,False
180420,KOKOSING CONSTRUCTION COMPANY INC,886 MC KINLEY AVE,COLUMBUS,OH,43222,Franklin,3,2264878.25,180420bidtab.pdf,False
180421,SHELLY & SANDS INC,1515 HARMON AVE,COLUMBUS,OH,43223,Franklin,1,1892999.9,180421bidtab.pdf,True
180421,SHELLY COMPANY,80 PARK DR BOX 266,THORNVILLE,OH,43076,Perry,2,1999830.22,180421bidtab.pdf,False
180422,KOKOSING CONSTRUCTION COMPANY INC,886 MC KINLEY AVE,COLUMBUS,OH,43222,Franklin,1,3223662.59,180422bidtab.pdf,True
180422,SHELLY & SANDS INC,1515 HARMON AVE,COLUMBUS,OH,43223,Franklin,2,3393844.93,180422bidtab.pdf,False
180422,ERIE BLACKTOP INC,4507 TIFFIN AVE,SANDUSKY,OH,44870,Erie,3,3718484.05,180422bidtab.pdf,False
180424,A & B ASPHALT CORPORATION,1780 ENON RD,SPRINGFIELD,OH,45502,Clark,1,754987.75,180424bidtab.pdf,True
180426,SHELLY & SANDS INC,1515 HARMON AVE,COLUMBUS,OH,43223,Franklin,1,2258868.0,180426bidtab.pdf,True
180426,"NLS PAVING, INC",67925 Bayberry Drive Suite B,St Clairsville,OH,43950,Belmont,2,2391777.0,180426bidtab.pdf,False
180431,BARRETT PAVING MATERIALS INC,3751 COMMERCE DR,MIDDLETOWN,OH,45055,Butler,1,1522500.0,180431bidtab.pdf,True
180432,SHELLY COMPANY,80 PARK DR BOX 266,THORNVILLE,OH,43076,Perry,1,2959377.06,180432bidtab.pdf,True
180432,ALLIED ENTERPRISES INC,1243 RAFF RD S W,CANTON,OH,44710,Stark,2,3278382.58,180432bidtab.pdf,False
180432,RONYAK PAVING INC,14376 N CHESHIRE ST,BURTON,OH,44021,Geauga,3,3314834.21,180432bidtab.pdf,False
180432,CHAGRIN VALLEY PAVING INC,17290 MUNN RD,CHAGRIN FALLS,OH,44023,Geauga,4,3474492.12,180432bidtab.pdf,False
180433,SHELLY & SANDS INC,1515 HARMON AVE,COLUMBUS,OH,43223,Franklin,1,1111981.99,180433bidtab.pdf,True
180435,SHELLY COMPANY,80 PARK DR BOX 266,THORNVILLE,OH,43076,Perry,1,665774.7,180435bidtab.pdf,True
180436,A & B ASPHALT CORPORATION,1780 ENON RD,SPRINGFIELD,OH,45502,Clark,1,231033.55,180436bidtab.pdf,True
180436,SHELLY COMPANY,80 PARK DR BOX 266,THORNVILLE,OH,43076,Perry,2,262802.25,180436bidtab.pdf,False
180437,ANTHONY ALLEGA CEMENT CONTRACTOR INC,5585 CANAL RD,VALLEY VIEW,OH,44125,Cuyahoga,1,1410302.01,180437bidtab.pdf,True
180437,PERK COMPANY INC,8100 GRAND AVE SUITE 300,CLEVELAND,OH,44104-3110,,2,1494295.85,180437bidtab.pdf,False
180437,SHELLY COMPANY,80 PARK DR BOX 266,THORNVILLE,OH,43076,Perry,3,1505481.85,180437bidtab.pdf,False
180437,KARVO COMPANIES INC,4524 HUDSON DR,STOW,OH,44224-1702,,4,1606591.88,180437bidtab.pdf,False
180438,MELWAY PAVING CO INC,7571 ST RT 83,HOLMESVILLE,OH,44633,Holmes,1,2595993.01,180438bidtab.pdf,True
180438,SUPERIOR PAVING & MATERIALS INC,5945 WHIPPLE AVE NW,NORTH CANTON,OH,44720,Stark,2,2627205.8,180438bidtab.pdf,False
180438,SHELLY COMPANY,80 PARK DR BOX 266,THORNVILLE,OH,43076,Perry,3,2754008.5,180438bidtab.pdf,False
180438,KARVO COMPANIES INC,4524 HUDSON DR,STOW,OH,44224-1702,,4,2782590.0,180438bidtab.pdf,False
180439,NUKO PAVING INC,1 ACY AVE SUITE C,JACKSON,OH,45640,Jackson,1,553762.79,180439bidtab.pdf,True
180439,SHELLY & SANDS INC,1515 HARMON AVE,COLUMBUS,OH,43223,Franklin,2,568024.2,180439bidtab.pdf,False
180442,SHELLY & SANDS INC,1515 HARMON AVE,COLUMBUS,OH,43223,Franklin,1,1330696.24,180442bidtab.pdf,True
180442,SHELLY COMPANY,80 PARK DR BOX 266,THORNVILLE,OH,43076,Perry,2,1369285.59,180442bidtab.pdf,False
180448,SHELLY & SANDS INC,1515 HARMON AVE,COLUMBUS,OH,43223,Franklin,1,2595209.19,180448bidtab.pdf,True
180448,"NLS PAVING, INC",67925 Bayberry Drive Suite B,St Clairsville,OH,43950,Belmont,2,3122350.0,180448bidtab.pdf,False
180452,ERIE BLACKTOP INC,4507 TIFFIN AVE,SANDUSKY,OH,44870,Erie,1,6968891.89,180452bidtab.pdf,True
180452,KARVO COMPANIES INC,4524 HUDSON DR,STOW,OH,44224-1702,,2,7068601.04,180452bidtab.pdf,False
180452,KOKOSING CONSTRUCTION COMPANY INC,6235 WESTERVILLE RD,WESTERVILLE,OH,43081,Franklin,3,7376865.33,180452bidtab.pdf,False
180452,ANTHONY ALLEGA CEMENT CONTRACTOR INC,5585 CANAL RD,VALLEY VIEW,OH,44125,Cuyahoga,4,9153360.79,180452bidtab.pdf,False
180455,SHELLY & SANDS INC,1515 HARMON AVE,COLUMBUS,OH,43223,Franklin,1,3229998.8,180455bidtab.pdf,True
180455,"NLS PAVING, INC",67925 Bayberry Drive Suite B,St Clairsville,OH,43950,Belmont,2,3856375.45,180455bidtab.pdf,False
180461,GERKEN PAVING INC,9072 CO RD 424,NAPOLEON,OH,43545,Henry,1,3133588.94,180461bidtab.pdf,True
180471,ERIE BLACKTOP INC,4507 TIFFIN AVE,SANDUSKY,OH,44870,Erie,1,676840.7,180471bidtab.pdf,True
180471,GERKEN PAVING INC,9072 CO RD 424,NAPOLEON,OH,43545,Henry,2,754083.6,180471bidtab.pdf,False
180475,RONYAK PAVING INC,14376 N CHESHIRE ST,BURTON,OH,44021,Geauga,1,3361688.35,180475bidtab.pdf,True
180475,KARVO COMPANIES INC,4524 HUDSON DR,STOW,OH,44224-1702,,2,3478984.05,180475bidtab.pdf,False
180475,KOKOSING CONSTRUCTION COMPANY INC,6235 WESTERVILLE RD,WESTERVILLE,OH,43081,Franklin,3,3700237.05,180475bidtab.pdf,False
180475,MELWAY PAVING CO INC,7571 ST RT 83,HOLMESVILLE,OH,44633,Holmes,4,3738682.33,180475bidtab.pdf,False
180475,CHAGRIN VALLEY PAVING INC,17290 MUNN RD,CHAGRIN FALLS,OH,44023,Geauga,5,3912867.45,180475bidtab.pdf,False
180477,SHELLY COMPANY,80 PARK DR BOX 266,THORNVILLE,OH,43076,Perry,1,3428158.55,180477bidtab.pdf,True
180479,SHELLY COMPANY,80 PARK DR BOX 266,THORNVILLE,OH,43076,Perry,1,869573.3,180479bidtab.pdf,True
180481,GERKEN PAVING INC,9072 CO RD 424,NAPOLEON,OH,43545,Henry,1,2007876.45,180481bidtab.pdf,True
180485,BARRETT PAVING MATERIALS INC,3751 COMMERCE DR,MIDDLETOWN,OH,45055,Butler,1,6695387.81,180485bidtab.pdf,True
180485,JOHN R JURGENSEN COMPANY,11641 MOSTELLER RD,CINCINNATI,OH,45241,Hamilton,2,6978080.39,180485bidtab.pdf,False
180489,JOHN R JURGENSEN COMPANY,11641 MOSTELLER RD,CINCINNATI,OH,45241,Hamilton,1,1305309.37,180489bidtab.pdf,True
180489,SHELLY COMPANY,80 PARK DR BOX 266,THORNVILLE,OH,43076,Perry,2,1329273.58,180489bidtab.pdf,False
180490,SHELLY COMPANY,80 PARK DR BOX 266,THORNVILLE,OH,43076,Perry,1,472288.6,180490bidtab.pdf,True
180491,SHELLY COMPANY,80 PARK DR BOX 266,THORNVILLE,OH,43076,Perry,1,2544861.84,180491bidtab.pdf,True
180491,KOKOSING CONSTRUCTION COMPANY INC,6235 WESTERVILLE RD,WESTERVILLE,OH,43081,Franklin,2,2959533.0,180491bidtab.pdf,False
180495,SHELLY COMPANY,80 PARK DR BOX 266,THORNVILLE,OH,43076,Perry,1,3068460.76,180495bidtab.pdf,True
180495,SHELLY & SANDS INC,1515 HARMON AVE,COLUMBUS,OH,43223,Franklin,2,3185355.05,180495bidtab.pdf,False
180501,BROWN COUNTY ASPHALT INC,11254 HAMER RD,GEORGETOWN,OH,45121,Brown,1,1400694.15,180501bidtab.pdf,True
180501,BROWN COUNTY CONSTRUCTION CO INC,8108 US ROUTE 52,ABERDEEN,OH,45101,Brown,2,1489956.56,180501bidtab.pdf,False
180501,SHELLY COMPANY,80 PARK DR BOX 266,THORNVILLE,OH,43076,Perry,3,1558783.05,180501bidtab.pdf,False
180506,SUPERIOR PAVING & MATERIALS INC,5945 WHIPPLE AVE NW,NORTH CANTON,OH,44720,Stark,1,923404.6,180506bidtab.pdf,True
180506,SHELLY COMPANY,80 PARK DR BOX 266,THORNVILLE,OH,43076,Perry,2,992111.45,180506bidtab.pdf,False
180506,BARBICAS CONSTRUCTION COMPANY INC,124 DARROW RD,AKRON,OH,44305,Summit,3,995728.1,180506bidtab.pdf,False
180506,R T VERNAL PAVING & EXCAVATING INC,11299 SOUTH AVE EXTENSION  PO BOX 519,NORTH LIMA,OH,44452-0519,,4,1020453.0,180506bidtab.pdf,False
180506,SHELLY & SANDS INC,1515 HARMON AVE,COLUMBUS,OH,43223,Franklin,5,1020800.35,180506bidtab.pdf,False
180506,"NLS PAVING, INC",67925 Bayberry Drive Suite B,St Clairsville,OH,43950,Belmont,6,1092756.9,180506bidtab.pdf,False
180506,ALLIED ENTERPRISES INC,1243 RAFF RD S W,CANTON,OH,44710,Stark,7,1174941.95,180506bidtab.pdf,False
180508,KARVO COMPANIES INC,4524 HUDSON DR,STOW,OH,44224-1702,,1,3367452.56,180508bidtab.pdf,True
180508,KOKOSING CONSTRUCTION COMPANY INC,6235 WESTERVILLE RD,WESTERVILLE,OH,43081,Franklin,2,3399352.81,180508bidtab.pdf,False
180508,ERIE BLACKTOP INC,4507 TIFFIN AVE,SANDUSKY,OH,44870,Erie,3,3494986.15,180508bidtab.pdf,False
180508,CHAGRIN VALLEY PAVING INC,17290 MUNN RD,CHAGRIN FALLS,OH,44023,Geauga,4,3775450.3,180508bidtab.pdf,False
180509,SHELLY & SANDS INC,1515 HARMON AVE,COLUMBUS,OH,43223,Franklin,1,2880444.2,180509bidtab.pdf,True
180509,"NLS PAVING, INC",67925 Bayberry Drive Suite B,St Clairsville,OH,43950,Belmont,2,3290000.0,180509bidtab.pdf,False
180510,SHELLY COMPANY,80 PARK DR BOX 266,THORNVILLE,OH,43076,Perry,1,2579088.06,180510bidtab.pdf,True
180511,SHELLY & SANDS INC,1515 HARMON AVE,COLUMBUS,OH,43223,Franklin,1,1339452.2,180511bidtab.pdf,True
180511,NUKO PAVING INC,1 ACY AVE SUITE C,JACKSON,OH,45640,Jackson,2,1572887.5,180511bidtab.pdf,False
180520,SHELLY COMPANY,80 PARK DR BOX 266,THORNVILLE,OH,43076,Perry,1,3796406.39,180520bidtab.pdf,True
180520,KOKOSING CONSTRUCTION COMPANY INC,6235 WESTERVILLE RD,WESTERVILLE,OH,43081,Franklin,2,4015461.02,180520bidtab.pdf,False
180521,SUPERIOR PAVING & MATERIALS INC,5945 WHIPPLE AVE NW,NORTH CANTON,OH,44720,Stark,1,2826693.05,180521bidtab.pdf,True
180521,SHELLY COMPANY,80 PARK DR BOX 266,THORNVILLE,OH,43076,Perry,2,2999985.5,180521bidtab.pdf,False
180521,KARVO COMPANIES INC,4524 HUDSON DR,STOW,OH,44224-1702,,3,3139465.0,180521bidtab.pdf,False
180521,MELWAY PAVING CO INC,7571 ST RT 83,HOLMESVILLE,OH,44633,Holmes,4,3952319.3,180521bidtab.pdf,False
180522,SHELLY COMPANY,80 PARK DR BOX 266,THORNVILLE,OH,43076,Perry,1,7244172.45,180522bidtab.pdf,True
180522,KOKOSING CONSTRUCTION COMPANY INC,6235 WESTERVILLE RD,WESTERVILLE,OH,43081,Franklin,2,7527409.7,180522bidtab.pdf,False
180525,SHELLY & SANDS INC,1515 HARMON AVE,COLUMBUS,OH,43223,Franklin,1,2044154.12,180525bidtab.pdf,True
180525,KOKOSING CONSTRUCTION COMPANY INC,6235 WESTERVILLE RD,WESTERVILLE,OH,43081,Franklin,2,2106263.13,180525bidtab.pdf,False
180530,GERKEN PAVING INC,9072 CO RD 424,NAPOLEON,OH,43545,Henry,1,767850.95,180530bidtab.pdf,True
180530,SHELLY COMPANY,80 PARK DR BOX 266,THORNVILLE,OH,43076,Perry,2,809578.95,180530bidtab.pdf,False
180530,KOKOSING CONSTRUCTION COMPANY INC,6235 WESTERVILLE RD,WESTERVILLE,OH,43081,Franklin,3,846323.4,180530bidtab.pdf,False
180533,BROWN COUNTY ASPHALT INC,11254 HAMER RD,GEORGETOWN,OH,45121,Brown,1,873162.11,180533bidtab.pdf,True
180533,BROWN COUNTY CONSTRUCTION CO INC,8108 US ROUTE 52,ABERDEEN,OH,45101,Brown,2,998406.0,180533bidtab.pdf,False
180533,SHELLY COMPANY,80 PARK DR BOX 266,THORNVILLE,OH,43076,Perry,3,1089515.4,180533bidtab.pdf,False
180535,SHELLY & SANDS INC,1515 HARMON AVE,COLUMBUS,OH,43223,Franklin,1,294848.15,180535bidtab.pdf,True
180535,BARBICAS CONSTRUCTION COMPANY INC,124 DARROW RD,AKRON,OH,44305,Summit,2,316250.0,180535bidtab.pdf,False
180535,ALLIED ENTERPRISES INC,1243 RAFF RD S W,CANTON,OH,44710,Stark,3,321732.58,180535bidtab.pdf,False
180535,R T VERNAL PAVING & EXCAVATING INC,11299 SOUTH AVE EXTENSION  PO BOX 519,NORTH LIMA,OH,44452-0519,,4,329772.4,180535bidtab.pdf,False
180535,SHELLY COMPANY,80 PARK DR BOX 266,THORNVILLE,OH,43076,Perry,5,376909.48,180535bidtab.pdf,False
180535,"NLS PAVING, INC",67925 Bayberry Drive Suite B,St Clairsville,OH,43950,Belmont,6,432070.0,180535bidtab.pdf,False
180536,SHELLY COMPANY,80 PARK DR BOX 266,THORNVILLE,OH,43076,Perry,1,3669066.86,180536bidtab.pdf,True
180536,"NLS PAVING, INC",67925 Bayberry Drive Suite B,St Clairsville,OH,43950,Belmont,2,3908048.15,180536bidtab.pdf,False
180542,SHELLY & SANDS INC,1515 HARMON AVE,COLUMBUS,OH,43223,Franklin,1,1439995.18,180542bidtab.pdf,True
180542,MELWAY PAVING CO INC,7571 ST RT 83,HOLMESVILLE,OH,44633,Holmes,2,1451096.3,180542bidtab.pdf,False
180542,KOKOSING CONSTRUCTION COMPANY INC,6235 WESTERVILLE RD,WESTERVILLE,OH,43081,Franklin,3,1549176.98,180542bidtab.pdf,False
180542,KARVO COMPANIES INC,4524 HUDSON DR,STOW,OH,44224-1702,,4,1795468.74,180542bidtab.pdf,False
180547,SHELLY COMPANY,80 PARK DR BOX 266,THORNVILLE,OH,43076,Perry,1,2199475.75,180547bidtab.pdf,True
180547,BLUFFTON PAVING INC,P O BOX 26,BLUFFTON,OH,45817,Allen,2,2212378.5,180547bidtab.pdf,False
180548,SHELLY & SANDS INC,1515 HARMON AVE,COLUMBUS,OH,43223,Franklin,1,1522248.08,180548bidtab.pdf,True
180548,SHELLY COMPANY,80 PARK DR BOX 266,THORNVILLE,OH,43076,Perry,2,1727152.48,180548bidtab.pdf,False
180548,CHAGRIN VALLEY PAVING INC,17290 MUNN RD,CHAGRIN FALLS,OH,44023,Geauga,3,2154740.75,180548bidtab.pdf,False
180549,SHELLY COMPANY,80 PARK DR BOX 266,THORNVILLE,OH,43076,Perry,1,3461110.22,180549bidtab.pdf,True
180549,SHELLY & SANDS INC,1515 HARMON AVE,COLUMBUS,OH,43223,Franklin,2,3626666.5,180549bidtab.pdf,False
180549,KARVO COMPANIES INC,4524 HUDSON DR,STOW,OH,44224-1702,,3,3840849.85,180549bidtab.pdf,False
180549,"NLS PAVING, INC",67925 Bayberry Drive Suite B,St Clairsville,OH,43950,Belmont,4,4050000.0,180549bidtab.pdf,False
180551,KOKOSING CONSTRUCTION COMPANY INC,6235 WESTERVILLE RD,WESTERVILLE,OH,43081,Franklin,1,3551696.85,180551bidtab.pdf,True
180551,MELWAY PAVING CO INC,7571 ST RT 83,HOLMESVILLE,OH,44633,Holmes,2,3993361.68,180551bidtab.pdf,False
180551,KARVO COMPANIES INC,4524 HUDSON DR,STOW,OH,44224-1702,,3,4016046.31,180551bidtab.pdf,False
180551,SHELLY COMPANY,80 PARK DR BOX 266,THORNVILLE,OH,43076,Perry,4,4150886.42,180551bidtab.pdf,False
180551,CHAGRIN VALLEY PAVING INC,17290 MUNN RD,CHAGRIN FALLS,OH,44023,Geauga,5,4835628.84,180551bidtab.pdf,False
180555,SHELLY COMPANY,80 PARK DR BOX 266,THORNVILLE,OH,43076,Perry,1,5688484.21,180555bidtab.pdf,True
180555,GERKEN PAVING INC,9072 CO RD 424,NAPOLEON,OH,43545,Henry,2,5852600.25,180555bidtab.pdf,False
180556,RONYAK PAVING INC,14376 N CHESHIRE ST,BURTON,OH,44021,Geauga,1,1857300.0,180556bidtab.pdf,True
180556,KOSKI CONSTRUCTION CO,P O BOX 1038,ASHTABULA,OH,44005-1038,,2,1997345.35,180556bidtab.pdf,False
180556,CHAGRIN VALLEY PAVING INC,17290 MUNN RD,CHAGRIN FALLS,OH,44023,Geauga,3,2264686.4,180556bidtab.pdf,False
180557,SHELLY & SANDS INC,1515 HARMON AVE,COLUMBUS,OH,43223,Franklin,1,505025.65,180557bidtab.pdf,True
180557,"NLS PAVING, INC",67925 Bayberry Drive Suite B,St Clairsville,OH,43950,Belmont,2,579875.0,180557bidtab.pdf,False
180557,BARBICAS CONSTRUCTION COMPANY INC,124 DARROW RD,AKRON,OH,44305,Summit,3,774038.55,180557bidtab.pdf,False
180560,SHELLY COMPANY,80 PARK DR BOX 266,THORNVILLE,OH,43076,Perry,1,1544665.3,180560bidtab.pdf,True
180560,JOHN R JURGENSEN COMPANY,11641 MOSTELLER RD,CINCINNATI,OH,45241,Hamilton,2,1630756.95,180560bidtab.pdf,False
180568,GERKEN PAVING INC,9072 CO RD 424,NAPOLEON,OH,43545,Henry,1,1331714.07,180568bidtab.pdf,True
180569,SHELLY COMPANY,80 PARK DR BOX 266,THORNVILLE,OH,43076,Perry,1,3236774.92,180569bidtab.pdf,True
180569,SHELLY & SANDS INC,1515 HARMON AVE,COLUMBUS,OH,43223,Franklin,2,3490063.12,180569bidtab.pdf,False
180569,KOKOSING CONSTRUCTION COMPANY INC,6235 WESTERVILLE RD,WESTERVILLE,OH,43081,Franklin,3,3524258.84,180569bidtab.pdf,False
180570,SHELLY COMPANY,80 PARK DR BOX 266,THORNVILLE,OH,43076,Perry,1,2346074.65,180570bidtab.pdf,True
180574,SHELLY & SANDS INC,1515 HARMON AVE,COLUMBUS,OH,43223,Franklin,1,4919991.15,180574bidtab.pdf,True
180574,KOKOSING CONSTRUCTION COMPANY INC,6235 WESTERVILLE RD,WESTERVILLE,OH,43081,Franklin,2,5160932.31,180574bidtab.pdf,False
180574,MELWAY PAVING CO INC,7571 ST RT 83,HOLMESVILLE,OH,44633,Holmes,3,5738338.85,180574bidtab.pdf,False
180574,KARVO COMPANIES INC,4524 HUDSON DR,STOW,OH,44224-1702,,4,5793258.29,180574bidtab.pdf,False
180576,SHELLY COMPANY,80 PARK DR BOX 266,THORNVILLE,OH,43076,Perry,1,1039617.75,180576bidtab.pdf,True
180576,SHELLY & SANDS INC,1515 HARMON AVE,COLUMBUS,OH,43223,Franklin,2,1068518.58,180576bidtab.pdf,False
180576,R T VERNAL PAVING & EXCAVATING INC,11299 SOUTH AVE EXTENSION  PO BOX 519,NORTH LIMA,OH,44452-0519,,3,1071365.65,180576bidtab.pdf,False
180576,BARBICAS CONSTRUCTION COMPANY INC,124 DARROW RD,AKRON,OH,44305,Summit,4,1192404.25,180576bidtab.pdf,False
180576,CHAGRIN VALLEY PAVING INC,17290 MUNN RD,CHAGRIN FALLS,OH,44023,Geauga,5,1337420.6,180576bidtab.pdf,False
180577,SHELLY & SANDS INC,1515 HARMON AVE,COLUMBUS,OH,43223,Franklin,1,2264992.15,180577bidtab.pdf,True
180577,SHELLY COMPANY,80 PARK DR BOX 266,THORNVILLE,OH,43076,Perry,2,2297882.49,180577bidtab.pdf,False
180578,SHELLY & SANDS INC,1515 HARMON AVE,COLUMBUS,OH,43223,Franklin,1,899663.1,180578bidtab.pdf,True
180578,KOKOSING CONSTRUCTION COMPANY INC,6235 WESTERVILLE RD,WESTERVILLE,OH,43081,Franklin,2,993214.18,180578bidtab.pdf,False
180578,SHELLY COMPANY,80 PARK DR BOX 266,THORNVILLE,OH,43076,Perry,3,1057036.89,180578bidtab.pdf,False
180583,MELWAY PAVING CO INC,7571 ST RT 83,HOLMESVILLE,OH,44633,Holmes,1,932853.04,180583bidtab.pdf,True
180583,SHELLY & SANDS INC,1515 HARMON AVE,COLUMBUS,OH,43223,Franklin,2,1058912.95,180583bidtab.pdf,False
180584,SHELLY COMPANY,80 PARK DR BOX 266,THORNVILLE,OH,43076,Perry,1,4529950.22,180584bidtab.pdf,True
180585,SHELLY & SANDS INC,1515 HARMON AVE,COLUMBUS,OH,43223,Franklin,1,3569993.2,180585bidtab.pdf,True
180585,SHELLY COMPANY,80 PARK DR BOX 266,THORNVILLE,OH,43076,Perry,2,3784870.7,180585bidtab.pdf,False
180585,KARVO COMPANIES INC,4524 HUDSON DR,STOW,OH,44224-1702,,3,3868440.13,180585bidtab.pdf,False
180585,KOKOSING CONSTRUCTION COMPANY INC,6235 WESTERVILLE RD,WESTERVILLE,OH,43081,Franklin,4,4109756.0,180585bidtab.pdf,False
180585,CHAGRIN VALLEY PAVING INC,17290 MUNN RD,CHAGRIN FALLS,OH,44023,Geauga,5,5225322.17,180585bidtab.pdf,False
180586,BARRETT PAVING MATERIALS INC,3751 COMMERCE DR,MIDDLETOWN,OH,45055,Butler,1,1398392.6,180586bidtab.pdf,True
180586,JOHN R JURGENSEN COMPANY,11641 MOSTELLER RD,CINCINNATI,OH,45241,Hamilton,2,1481896.23,180586bidtab.pdf,False
180589,SHELLY COMPANY,80 PARK DR BOX 266,THORNVILLE,OH,43076,Perry,1,2275396.68,180589bidtab.pdf,True
180589,SHELLY & SANDS INC,1515 HARMON AVE,COLUMBUS,OH,43223,Franklin,2,2336383.9,180589bidtab.pdf,False
180592,SHELLY & SANDS INC,1515 HARMON AVE,COLUMBUS,OH,43223,Franklin,1,430621.85,180592bidtab.pdf,True
180592,MICROSURFACING CONTRACTORS LLC,13940 ST CHARLES ROCK RD,BRIDGETON,MO,63044,,2,585173.78,180592bidtab.pdf,False
180592,AMERICAN PAVEMENTS INC,7475 MONTGOMERY DR,PLAIN CITY,OH,43064,Madison,3,600966.79,180592bidtab.pdf,False
180592,STRAWSER CONSTRUCTION INC,1392 DUBLIN RD,COLUMBUS,OH,43215,Franklin,4,609364.95,180592bidtab.pdf,False
180598,KOSKI CONSTRUCTION CO,P O BOX 1038,ASHTABULA,OH,44005-1038,,1,884555.0,180598bidtab.pdf,True
180598,KARVO COMPANIES INC,4524 HUDSON DR,STOW,OH,44224-1702,,2,1023765.52,180598bidtab.pdf,False
180598,RONYAK PAVING INC,14376 N CHESHIRE ST,BURTON,OH,44021,Geauga,3,1041162.0,180598bidtab.pdf,False
180598,BURTON SCOT CONTRACTORS LLC,11330 KINSMAN RD,NEWBURY,OH,44065,Geauga,4,1130602.79,180598bidtab.pdf,False
180600,SHELLY & SANDS INC,1515 HARMON AVE,COLUMBUS,OH,43223,Franklin,1,2295899.0,180600bidtab.pdf,True
180601,JOHN R JURGENSEN COMPANY,11641 MOSTELLER RD,CINCINNATI,OH,45241,Hamilton,1,5888749.77,180601bidtab.pdf,True
180601,BARRETT PAVING MATERIALS INC,3751 COMMERCE DR,MIDDLETOWN,OH,45055,Butler,2,6049017.36,180601bidtab.pdf,False
180607,SHELLY & SANDS INC,1515 HARMON AVE,COLUMBUS,OH,43223,Franklin,1,3042424.93,180607bidtab.pdf,True
180607,"NLS PAVING, INC",67925 Bayberry Drive Suite B,St Clairsville,OH,43950,Belmont,2,3680000.0,180607bidtab.pdf,False
180609,"NLS PAVING, INC",67925 Bayberry Drive Suite B,St Clairsville,OH,43950,Belmont,1,2284000.0,180609bidtab.pdf,True
180609,SHELLY & SANDS INC,1515 HARMON AVE,COLUMBUS,OH,43223,Franklin,2,2406298.88,180609bidtab.pdf,False
180609,BARBICAS CONSTRUCTION COMPANY INC,124 DARROW RD,AKRON,OH,44305,Summit,3,3113752.7,180609bidtab.pdf,False
180610,SHELLY COMPANY,80 PARK DR BOX 266,THORNVILLE,OH,43076,Perry,1,1494436.47,180610bidtab.pdf,True
180610,JOHN R JURGENSEN COMPANY,11641 MOSTELLER RD,CINCINNATI,OH,45241,Hamilton,2,1718297.4,180610bidtab.pdf,False
180611,SHELLY & SANDS INC,1515 HARMON AVE,COLUMBUS,OH,43223,Franklin,1,3611668.44,180611bidtab.pdf,True
180611,KOKOSING CONSTRUCTION COMPANY INC,6235 WESTERVILLE RD,WESTERVILLE,OH,43081,Franklin,2,3791713.03,180611bidtab.pdf,False
180611,SHELLY COMPANY,80 PARK DR BOX 266,THORNVILLE,OH,43076,Perry,3,3878538.16,180611bidtab.pdf,False
180611,JOHN R JURGENSEN COMPANY,11641 MOSTELLER RD,CINCINNATI,OH,45241,Hamilton,4,4406622.75,180611bidtab.pdf,False
180621,JOHN R JURGENSEN COMPANY,11641 MOSTELLER RD,CINCINNATI,OH,45241,Hamilton,1,5441519.53,180621bidtab.pdf,True
180622,SHELLY & SANDS INC,1515 HARMON AVE,COLUMBUS,OH,43223,Franklin,1,5165815.05,180622bidtab.pdf,True
180622,"NLS PAVING, INC",67925 Bayberry Drive Suite B,St Clairsville,OH,43950,Belmont,2,6075588.75,180622bidtab.pdf,False
184002,AXIS CIVIL CONSTRUCTION LLC,5715 WESTBOURNE AVENUE,COLUMBUS,OH,43213,Franklin,1,447699.86,184002bidtab.pdf,True
184002,ECLIPSE CO LLC,11554 EAST WASHINGTON ST,CHAGRIN FALLS,OH,44023,Geauga,2,775394.74,184002bidtab.pdf,False
187023,SHELLY & SANDS INC,1515 HARMON AVE,COLUMBUS,OH,43223,Franklin,1,3508055.85,187023bidtab.pdf,True
188000,M & B ASPHALT CO INC,1525 WEST COUNTY RD #42,TIFFIN,OH,44883,Seneca,1,918732.9,188000bidtab.pdf,True
188000,BLUFFTON PAVING INC,P O BOX 26,BLUFFTON,OH,45817,Allen,3,984896.65,188000bidtab.pdf,False
188000,SHELLY COMPANY,80 PARK DR BOX 266,THORNVILLE,OH,43076,Perry,4,988535.87,188000bidtab.pdf,False
188001,SHELLY COMPANY,80 PARK DR BOX 266,THORNVILLE,OH,43076,Perry,1,2049892.28,188001bidtab.pdf,True
188001,SHELLY & SANDS INC,1515 HARMON AVE,COLUMBUS,OH,43223,Franklin,2,2102212.85,188001bidtab.pdf,False
